variante,visitas,convertidas,saidas_externas,receita_total,cashback_total,taxa_conversao_pct,taxa_adocao_ext_pct,receita_por_visita
a,377716,48607,0,27371536.0832,1516327.130107,12.87,0.0,72.47
b,385757,48632,9407,25347881.5252,1458684.774755,12.61,2.44,65.71
c,383870,48878,7357,27233911.317,1519347.674722,12.73,1.92,70.95
